t_code,sovereign_id,ink,dimensions,surface_name,series_name,curatorial_hook,neon_reading,concept_tags,emotional_register,color_palette
T_001,666001,MB1; MB2; MB3; MC1,100x200cm,First Test Sheet,,,,,,
T_002,666002,MB1; MB2; MB3,70x140cm,Water-Damaged Lot,,,,,,
T_003,666003,MB1; MB2; MB3,70x140cm,Water-Damaged Lot,,,,,,
T_004,666004,MB1; MB2; MB3,70x140cm,Water-Damaged Lot,,,,,,
T_005,666005,MC1; MC2; MC3,70x140cm,Water-Damaged Lot,,,,,,
T_006,666006,MB1; MB2; MB3,70x140cm,Water-Damaged Lot,,,,,,
T_007,666007,MB1; MB2; MB3,70x140cm,Water-Damaged Lot,,,,,,
T_008,666008,MB1; MB2; MB3,70x140cm,Water-Damaged Lot,,,,,,
T_009,666009,MB1; MB2; MB3,70x140cm,Water-Damaged Lot,,,,,,
T_010,666010,MB1; MB2; MB3,70x140cm,Water-Damaged Lot,,,,,,
T_011,666011,MB1; MB2; MB3,70x140cm,Water-Damaged Lot,,,,,,
T_012,666012,MB1; MB2; MB3,70x140cm,Red Star Dan Xuan,,,,,,
T_013,666013,MB1; MB2; MB3,70x140cm,Multi-Session Stage,,,,,,
T_014,666014,MB1; MB2; MB3; MC3; MC6; MC8,140x180cm,Tan Xi Special Pure,,,,,,
T_015,666015,MB1; MB2; MB3,140x180cm,Tan Xi Special Pure,,,,,,
T_016,666016,MB1; MB2; MB3; MC6; MC8,140x180cm,Tan Xi Special Pure,,,,,,
T_017,666017,MB1; MB2; MB3; MC7,70x140cm,Water-Damaged Lot,,,,,,
T_018,666018,MB1; MB2; MB3,97x180cm,Tanpi Sandalwood Bark,,,,,,
T_019,666019,MB1; MB2; MB3,97x180cm,Tanpi Sandalwood Bark,,,,,,
T_020,666020,MB1; MB2; MB3,97x180cm,Tanpi Sandalwood Bark,,,,,,
T_021,666021,MB1; MB2; MB3,97x180cm,Tanpi Sandalwood Bark,,,,,,
T_022,666022,MB1; MB2; MB3,50x100cm,Hongxing Fine Mulberry,,,,,,
T_023,666023,MB1; MB2; MB3,50x100cm,Hongxing Fine Mulberry,,,,,,
T_024,666024,MB1; MB2; MB3,50x100cm,Hongxing Fine Mulberry,,,,,,
T_025,666025,MB1; MB2; MB3,50x100cm,Hongxing Fine Mulberry,,,,,,
T_026,666026,MB1; MB2; MB3,50x100cm,Hongxing Fine Mulberry,,,,,,
T_027,666027,MB1; MB2; MB3,50x100cm,Hongxing Fine Mulberry,,,,,,
T_028,666028,MB1; MB2; MB3; MC7; MC8,50x100cm,Hongxing Fine Mulberry,,,,,,
T_029,666029,MB1; MB2; MB3,70x140cm,Water-Damaged Lot,,,,,,
T_030,666030,MB1; MB2; MB3,97x180cm,Tanpi Sandalwood Bark,,,,,,
T_031,666031,MB1; MB2; MB3,97x180cm,Tanpi Sandalwood Bark,,,,,,
T_032,666032,MB1; MB2; MB3,97x180cm,Tanpi Sandalwood Bark,,,,,,
T_033,666033,MB1; MB2; MB3,97x180cm,Tanpi Sandalwood Bark,,,,,,
T_034,666034,MB1; MB2; MB3,97x180cm,Tanpi Sandalwood Bark,,,,,,
T_035,666035,MB1; MB2; MB3,97x180cm,Tanpi Sandalwood Bark,,,,,,
T_036,666036,MB1; MB2; MB3; MC8,97x180cm,Tanpi Sandalwood Bark,,,,,,
T_037,666037,MB1; MB2; MB3,97x180cm,Tanpi Sandalwood Bark,,,,,,
T_038,666038,MB1; MB2; MB3,97x180cm,Tanpi Sandalwood Bark,,,,,,
T_039,666039,MB1; MB2; MB3,97x180cm,Tanpi Sandalwood Bark,,,,,,
T_040,666040,MB1; MB2; MB3,97x180cm,Tanpi Sandalwood Bark,,,,,,
T_041,666041,MB1; MB2; MB3; MC2,97x180cm,Tanpi Sandalwood Bark,,,,,,
T_042,666042,MB1; MB2; MB3,97x180cm,Tanpi Sandalwood Bark,,,,,,
T_043,666043,MB1; MB2; MB3,97x180cm,Tanpi Sandalwood Bark,,,,,,
T_044,666044,MB1; MB2; MB3,97x180cm,Tanpi Sandalwood Bark,,,,,,
T_045,666045,MB1; MB2; MB3,97x180cm,Tanpi Sandalwood Bark,,,,,,
T_046,666046,MB1; MB2; MB3,97x180cm,Tanpi Sandalwood Bark,,,,,,
T_047,666047,MB1; MB2; MB3; MC6,50x100cm,Hongxing Fine Mulberry,,,,,,
T_048,666048,MB2,50x100cm,Heavy Pulp Fiber,,,,,,
T_049,666049,MB1; MB2; MB3,50x100cm,Heavy Pulp Fiber,,,,,,
T_050,666050,MB1; MB3,50x100cm,Heavy Pulp Fiber,,,,,,
T_051,666051,MB1; MC6,50x100cm,Heavy Pulp Fiber,,,,,,
T_052,666052,MB1,50x100cm,Heavy Pulp Fiber,,,,,,
T_053,666053,MB2,50x100cm,Heavy Pulp Fiber,,,,,,
T_054,666054,MB2; MB3; MB1,50x100cm,Heavy Pulp Fiber,,,,,,
T_055,666055,MB2; MB1,50x100cm,Heavy Pulp Fiber,,,,,,
T_056,666056,MB3; MB2; MB1,50x100cm,Heavy Pulp Fiber,,,,,,
T_057,666057,MB1; MB2; MB3,50x100cm,Heavy Pulp Fiber,,,,,,
T_058,666058,MB1; MB2; MB3,70x140cm,Red Star Dan Xuan,,,,,,
T_059,666059,MB1; MB2; MB3,70x140cm,Red Star Dan Xuan,,,,,,
T_060,666060,MB1; MB2; MB3,70x140cm,Red Star Dan Xuan,,,,,,
T_061,666061,MB1; MB2; MB3,70x140cm,Red Star Dan Xuan,,,,,,
T_062,666062,MB1; MB2; MB3,70x140cm,Red Star Dan Xuan,,,,,,
T_063,666063,MB1; MB2; MB3,70x140cm,Red Star Dan Xuan,,,,,,
T_064,666064,MB3; MB2; MB1,70x140cm,Red Star Dan Xuan,,,,,,
T_065,666065,MB1; MB2; MB3,70x140cm,Red Star Dan Xuan,,,,,,
T_066,666066,MB3; MB2; MB1,70x140cm,Red Star Dan Xuan,,,,,,
T_067,666067,MB1; MB2; MB3,70x180cm,Tan Xi Special Pure,,,,,,
T_068,666068,MB1; MB2; MB3,70x180cm,Tan Xi Special Pure,,,,,,
T_069,666069,MB1; MB2; MB3,70x180cm,Tan Xi Special Pure,,,,,,
T_070,666070,MB1; MB2; MB3,70x180cm,Tan Xi Special Pure,,,,,,
T_071,666071,MB1; MB2; MB3,70x180cm,Tan Xi Special Pure,,,,,,
T_072,666072,MB1; MB2; MB3,70x180cm,Tan Xi Special Pure,,,,,,
T_073,666073,MB1; MB2; MB3,70x140cm,Jing Xian Processed,,,,,,
T_074,666074,MB1; MB2; MB3,70x140cm,Jing Xian Processed,,,,,,
T_075,666075,MB1; MB2; MB3,70x140cm,Jing Xian Processed,,,,,,
T_076,666076,MB1; MB2; MB3,70x180cm,Tan Xi Special Pure,,,,,,
T_077,666077,MB1; MB2; MB3,70x180cm,Tan Xi Special Pure,,,,,,
T_078,666078,MB1; MB2; MB3,70x180cm,Tan Xi Special Pure,,,,,,
T_079,666079,MB1; MB2; MB3,70x140cm,Red Star Dan Xuan,,,,,,
T_080,666080,MB1; MB2; MB3,70x140cm,Jing Xian Processed,,,,,,
T_081,666081,MB1; MB2; MB3,70x140cm,Jing Xian Processed,,,,,,
T_082,666082,MB1; MB2; MB3,70x140cm,Red Star Dan Xuan,,,,,,
T_083,666083,MB1; MB2; MB3,70x140cm,Water-Damaged Lot,,,,,,
T_084,666084,MB1; MB2; MB3,70x140cm,Water-Damaged Lot,,,,,,
T_085,666085,MB1; MB2; MB3,70x140cm,Water-Damaged Lot,,,,,,
T_086,666086,MB1; MB2; MB3,70x140cm,Water-Damaged Lot,,,,,,
T_087,666087,MB1; MB2; MB3,70x140cm,Water-Damaged Lot,,,,,,
T_088,666088,MB1; MB2; MB3,70x140cm,Water-Damaged Lot,,,,,,
T_089,666089,MB1; MB2; MB3,70x140cm,Water-Damaged Lot,,,,,,
T_090,666090,MB1; MB2; MB3,70x140cm,Red Star Dan Xuan,,,,,,
T_091,666091,MB1; MB2; MB3,70x140cm,Red Star Dan Xuan,,,,,,
T_092,666092,MB1; MB2; MB3,70x140cm,Water-Damaged Lot,,,,,,
T_093,666093,MB1; MB2; MB3,97x180cm,Tanpi Sandalwood Bark,,,,,,
T_094,666094,MB1; MB2; MB3,97x180cm,Tanpi Sandalwood Bark,,,,,,
T_095,666095,MB1; MB2; MB3,97x180cm,Tanpi Sandalwood Bark,,,,,,
T_096,666096,MB1; MB2; MB3,97x180cm,Tanpi Sandalwood Bark,,,,,,
T_097,666097,MB1; MB2; MB3,97x180cm,Tanpi Sandalwood Bark,,,,,,
T_098,666098,MB1; MB2; MB3,97x180cm,Tanpi Sandalwood Bark,,,,,,
T_099,666099,MB1; MB2; MB3,97x180cm,Tanpi Sandalwood Bark,,,,,,
T_100,666100,MB1; MB2; MB3,97x180cm,Tanpi Sandalwood Bark,,,,,,
T_101,666101,MB1; MB2; MB3,70x180cm,Tan Xi Special Pure,,,,,,
T_102,666102,MB1; MB2; MB3,97x180cm,Tanpi Sandalwood Bark,,,,,,
T_103,666103,MB1; MB2; MB3,97x180cm,Tanpi Sandalwood Bark,,,,,,
T_104,666104,MB1; MB2; MB3,70x140cm,Multi-Session Stage,,,,,,
T_105,666105,MB1; MB2; MB3,70x140cm,Multi-Session Stage,,,,,,
T_106,666106,MB1; MB2; MB3,70x140cm,Multi-Session Stage,,,,,,
T_107,666107,MB1; MB2; MB3,70x140cm,Multi-Session Stage,,,,,,
T_108,666108,MB1; MB2; MB3,70x140cm,Multi-Session Stage,,,,,,
T_109,666109,MB1; MB2; MB3,97x180cm,Multi-Session Stage,,,,,,
T_110,666110,MB1; MB2; MB3,70x140cm,Multi-Session Stage,,,,,,
T_111,666111,MB1; MB2; MB3,50x100cm,Hongxing Fine Mulberry,,,,,,
T_112,666112,MB1; MB2; MB3,50x100cm,Hongxing Fine Mulberry,,,,,,
T_113,666113,MB1; MB2; MB3,50x100cm,Hongxing Fine Mulberry,,,,,,
T_114,666114,MB1; MB2; MB3,50x100cm,Hongxing Fine Mulberry,,,,,,
T_115,666115,MB1; MB2; MB3,50x100cm,Hongxing Fine Mulberry,,,,,,
T_116,666116,MB1; MB2; MB3,50x100cm,Hongxing Fine Mulberry,,,,,,
T_117,666117,MB1; MB2; MB3,50x100cm,Hongxing Fine Mulberry,,,,,,
T_118,666118,MB1; MB2; MB3,50x100cm,Hongxing Fine Mulberry,,,,,,
T_119,666119,MB1; MB2; MB3,50x100cm,Hongxing Fine Mulberry,,,,,,
T_120,666120,MB1; MB2; MB3,50x100cm,Hongxing Fine Mulberry,,,,,,
T_121,666121,MB1; MB2; MB3,50x100cm,Hongxing Fine Mulberry,,,,,,
T_122,666122,MB1; MB2; MB3,50x100cm,Hongxing Fine Mulberry,,,,,,
T_123,666123,MB1; MB2; MB3,50x100cm,Hongxing Fine Mulberry,,,,,,
T_124,666124,MB1; MB2; MB3,50x100cm,Hongxing Fine Mulberry,,,,,,
T_125,666125,MB1; MB2; MB3,50x100cm,Hongxing Fine Mulberry,,,,,,
T_126,666126,MB1; MB2; MB3,50x100cm,Hongxing Fine Mulberry,,,,,,
T_127,666127,MB1; MB2; MB3,70x140cm,Red Star Dan Xuan,,,,,,
T_128,666128,MB1; MB2; MB3,70x140cm,Red Star Dan Xuan,,,,,,
T_129,666129,MB1; MB2; MB3,70x140cm,Red Star Dan Xuan,,,,,,
T_130,666130,MB1; MB2; MB3,70x140cm,Red Star Dan Xuan,,,,,,
T_131,666131,MB1; MB2; MB3,70x140cm,Red Star Dan Xuan,,,,,,
T_132,666132,MB1; MB2; MB3,70x140cm,Red Star Dan Xuan,,,,,,
T_133,666133,MB1; MB2; MB3,,Red Star Dan Xuan,,,,,,
T_134,666134,MB1; MB2; MB3,70x140cm,Jing Xian Processed,,,,,,
T_135,666135,MB1; MB2; MB3,70x140cm,Jing Xian Processed,,,,,,
T_136,666136,MB1; MB2; MB3,70x140cm,Jing Xian Processed,,,,,,
T_137,666137,MB1; MB2; MB3,70x140cm,Jing Xian Processed,,,,,,
T_138,666138,MB1; MB2; MB3,70x140cm,Jing Xian Processed,,,,,,
T_139,666139,MB1; MB2; MB3,70x140cm,Jing Xian Processed,,,,,,
T_140,666140,MB1; MB2; MB3,70x140cm,Jing Xian Processed,,,,,,
T_141,666141,MB1; MB2; MB3,70x140cm,Jing Xian Processed,,,,,,
T_142,666142,MB1; MB2; MB3,70x140cm,Jing Xian Processed,,,,,,
T_143,666143,MB1; MB2; MB3,70x140cm,Jing Xian Processed,,,,,,
T_144,666144,MB1; MB2; MB3,70x140cm,Jing Xian Processed,,,,,,
T_145,666145,MB1; MB2; MB3,70x140cm,Jing Xian Processed,,,,,,
T_146,666146,MB1; MB2; MB3,70x180cm,Tan Xi Special Pure,,,,,,
T_147,666147,MB1; MB2; MB3,70x180cm,Tan Xi Special Pure,,,,,,
T_148,666148,MB1; MB2; MB3,70x180cm,Tan Xi Special Pure,,,,,,
T_149,666149,MB1; MB2; MB3,70x180cm,Tan Xi Special Pure,,,,,,
T_150,666150,MB1; MB2; MB3,70x180cm,Tan Xi Special Pure,,,,,,
T_151,666151,MB1; MB2; MB3,70x180cm,Tan Xi Special Pure,,,,,,
T_152,666152,MB1; MB2; MB3,70x180cm,Tan Xi Special Pure,,,,,,
T_153,666153,MB1; MB2; MB3,70x180cm,Tan Xi Special Pure,,,,,,
T_154,666154,MB1; MB2; MB3,70x180cm,Tan Xi Special Pure,,,,,,
T_155,666155,MB1; MB2; MB3,70x180cm,Tan Xi Special Pure,,,,,,
T_156,666156,MB1; MB2; MB3,70x140cm,Tan Xi Special Pure,,,,,,
T_157,666157,MB1; MB2; MB3,70x140cm,Tan Xi Special Pure,,,,,,
T_158,666158,MB1; MB2; MB3,70x140cm,Tan Xi Special Pure,,,,,,
T_159,666159,MB1; MB2; MB3,70x140cm,Tan Xi Special Pure,,,,,,
T_160,666160,MB1; MB2; MB3,97x180cm,Tanpi Sandalwood Bark,,,,,,
T_161,666161,MB1; MB2; MB3,97x180cm,Tanpi Sandalwood Bark,,,,,,
T_162,666162,MB1; MB2; MB3,97x180cm,Tanpi Sandalwood Bark,,,,,,
T_163,666163,MB1; MB2; MB3,97x180cm,Tanpi Sandalwood Bark,,,,,,
T_164,666164,MB1; MB2; MB3,97x180cm,Tanpi Sandalwood Bark,,,,,,
T_165,666165,MB1; MB2; MB3,97x180cm,Tanpi Sandalwood Bark,,,,,,
T_166,666166,MB1; MB2; MB3,97x180cm,Tanpi Sandalwood Bark,,,,,,
T_167,666167,MB1; MB2; MB3,97x180cm,Tanpi Sandalwood Bark,,,,,,
T_168,666168,MB1; MB2; MB3,97x180cm,Tanpi Sandalwood Bark,,,,,,
T_169,666169,MB1; MB2; MB3,97x180cm,Tanpi Sandalwood Bark,,,,,,
T_170,666170,MB1; MB2; MB3,97x180cm,Red Star Moxin Leather,,,,,,
T_171,666171,MB1; MB2; MB3,97x180cm,Red Star Moxin Leather,,,,,,
T_172,666172,MB1; MB2; MB3,97x180cm,Red Star Moxin Leather,,,,,,
T_173,666173,MB1; MB2; MB3,97x180cm,Red Star Ink Field,,,,,,
T_174,666174,MB1; MB2; MB3,97x180cm,Red Star Ink Field,,,,,,
T_175,666175,MB1; MB2; MB3,97x180cm,Red Star Ink Field,,,,,,
T_176,666176,MB1; MB2; MB3,97x180cm,Red Star Ink Field,,,,,,
T_177,666177,MB1; MB2; MB3,97x180cm,Red Star Ink Field,,,,,,
T_178,666178,MB1; MB2; MB3,97x180cm,Red Star Ink Field,,,,,,
T_179,666179,MB1; MB2; MB3,97x180cm,Red Star Ink Field,,,,,,
T_180,666180,MB1; MB2; MB3,97x180cm,Red Star Ink Field,,,,,,
T_181,666181,MB1; MB2; MB3,97x180cm,Red Star Ink Field,,,,,,
T_182,666182,MB1; MB2; MB3,97x180cm,Red Star Ink Field,,,,,,
T_183,666183,MB1; MB2; MB3,97x180cm,Red Star Moxin Leather,,,,,,
T_184,666184,MB1; MB2; MB3,97x180cm,Red Star Moxin Leather,,,,,,
T_185,666185,MB1; MB2; MB3,97x180cm,Red Star Moxin Leather,,,,,,
T_186,666186,MB1; MB2; MB3,97x180cm,Red Star Moxin Leather,,,,,,
T_187,666187,MB1; MB2; MB3,97x180cm,Red Star Moxin Leather,,,,,,
T_188,666188,MB1; MB2; MB3,97x180cm,Red Star Moxin Leather,,,,,,
T_189,666189,MB1; MB2; MB3,97x180cm,Red Star Moxin Leather,,,,,,
T_190,666190,MB1; MB2; MB3,97x180cm,Red Star Moxin Leather,,,,,,
T_191,666191,MB1; MB2; MB3,97x180cm,Red Star Moxin Leather,,,,,,
T_192,666192,MB1; MB2; MB3,97x180cm,Red Star Moxin Leather,,,,,,
T_193,666193,MB1; MB2; MB3,97x180cm,Red Star Moxin Leather,,,,,,
T_194,666194,MB1; MB2; MB3,97x180cm,Red Star Moxin Leather,,,,,,
T_195,666195,MB1; MB2; MB3,97x180cm,Red Star Moxin Leather,,,,,,
T_196,666196,MB1; MB2; MB3,97x180cm,Red Star Moxin Leather,,,,,,
T_197,666197,MB1; MB2; MB3,97x180cm,Red Star Moxin Leather,,,,,,
T_198,666198,MB1; MB2; MB3,97x180cm,Red Star Moxin Leather,,,,,,
T_199,666199,MB1; MB2; MB3,97x180cm,Red Star Moxin Leather,,,,,,
T_200,666200,MB1; MB2; MB3,97x180cm,Red Star Moxin Leather,,,,,,
T_201,666201,MB1; MB2; MB3,97x180cm,Red Star Moxin Leather,,,,,,
T_202,666202,MB1; MB2; MB3,97x180cm,Red Star Moxin Leather,,,,,,
T_203,666203,MB1; MB2; MB3,97x180cm,Red Star Moxin Leather,,,,,,
T_204,666204,MB1; MB2; MB3,97x180cm,Red Star Moxin Leather,,,,,,
T_205,666205,MB4; MB5; MB6,97x180cm,Red Star Mo Yun Bark,,,,,,
T_206,666206,MB6; MB5; MB4,97x180cm,Red Star Mo Yun Bark,,,,,,
T_207,666207,MB4; MB5; MB6,97x180cm,Red Star Mo Yun Bark,,,,,,
T_208,666208,MB6; MB5; MB4,97x180cm,Red Star Mo Yun Bark,,,,,,
T_209,666209,MB4; MB5; MB6,97x180cm,Red Star Mo Yun Bark,,,,,,
T_210,666210,MB6; MB5; MB4,97x180cm,Red Star Mo Yun Bark,,,,,,
T_211,666211,MB4; MB5; MB6,97x180cm,Red Star Mo Yun Bark,,,,,,
T_212,666212,MB6; MB5; MB4,97x180cm,Red Star Mo Yun Bark,,,,,,
T_213,666213,MB4; MB5; MB6,97x180cm,Red Star Mo Yun Bark,,,,,,
T_214,666214,MB6; MB5; MB4,97x180cm,Red Star Mo Yun Bark,,,,,,
T_215,666215,MB4; MB5; MB6,97x180cm,Red Star Mo Yun Bark,,,,,,
T_216,666216,MB6; MB5; MB4,97x180cm,Red Star Mo Yun Bark,,,,,,
T_217,666217,MB4; MB5; MB6,97x180cm,Red Star Mo Yun Bark,,,,,,
T_218,666218,MB4; MB5; MB6,97x180cm,Red Star Mo Yun Bark,,,,,,
T_219,666219,MB4; MB5; MB6,97x180cm,Red Star Mo Yun Bark,,,,,,
T_220,666220,MB4; MB5; MB6,97x180cm,Red Star Moxin Leather,,,,,,
T_221,666221,MB4; MB5; MB6,97x180cm,Red Star Moxin Leather,,,,,,
T_222,666222,MB4; MB5; MB6,97x180cm,Red Star Moxin Leather,,,,,,
T_223,666223,MB4; MB5; MB6,97x180cm,Red Star Moxin Leather,,,,,,
T_224,666224,MB4; MB5; MB6,97x180cm,Red Star Moxin Leather,,,,,,
T_225,666225,MB4; MB5; MB6,97x180cm,Red Star Moxin Leather,,,,,,
T_226,666226,MB4; MB5; MB6,97x180cm,Red Star Moxin Leather,,,,,,
T_227,666227,MB4; MB5; MB6,97x180cm,Red Star Moxin Leather,,,,,,
T_228,666228,MB4; MB5; MB6,97x180cm,Red Star Moxin Leather,,,,,,
T_229,666229,MB4; MB5; MB6,97x180cm,Red Star Ink Field,,,,,,
T_230,666230,MB4; MB5; MB6,97x180cm,Red Star Ink Field,,,,,,
T_231,666231,MB4; MB5; MB6,97x180cm,Red Star Ink Field,,,,,,
T_232,666232,MB4; MB5; MB6,97x180cm,Red Star Ink Field,,,,,,
T_233,666233,MB4; MB5; MB6,97x180cm,Red Star Ink Field,,,,,,
T_234,666234,MB4; MB5; MB6,97x180cm,Red Star Ink Field,,,,,,
T_235,666235,MB4; MB5; MB6,97x180cm,Red Star Ink Field,,,,,,
T_236,666236,MB4; MB5; MB6,97x180cm,Red Star Ink Field,,,,,,
T_237,666237,MB4; MB5; MB6,97x180cm,Red Star Ink Field,,,,,,
T_238,666238,MB4; MB5; MB6,97x180cm,Red Star Ink Field,,,,,,
T_239,666239,MB4; MB5; MB6,97x180cm,Red Star Ink Field,,,,,,
T_240,666240,MB4; MB5; MB6,97x180cm,Red Star Ink Field,,,,,,
T_241,666241,MB4; MB5; MB6,100x150cm,Hongxing Fine Mulberry,,,,,,
T_242,666242,MB4; MB5; MB6,100x150cm,Hongxing Fine Mulberry,,,,,,
T_243,666243,MB4; MB5; MB6,100x150cm,Hongxing Fine Mulberry,,,,,,
T_244,666244,MB4; MB5; MB6,100x150cm,Hongxing Fine Mulberry,,,,,,
T_245,666245,MB4; MB5; MB6,100x150cm,Hongxing Fine Mulberry,,,,,,
T_246,666246,MB4; MB5; MB6,70x180cm,Tan Xi Special Pure,,,,,,
T_247,666247,MB4; MB5; MB6,70x180cm,Tan Xi Special Pure,,,,,,
T_248,666248,MB4; MB5; MB6,70x180cm,Tan Xi Special Pure,,,,,,
T_249,666249,MB4; MB5; MB6,70x180cm,Tan Xi Special Pure,,,,,,
T_250,666250,MB4; MB5; MB6,70x180cm,Tan Xi Special Pure,,,,,,
T_251,666251,MB4; MB5; MB6,70x180cm,Tan Xi Special Pure,,,,,,
T_252,666252,MB4; MB5; MB6,70x180cm,Tan Xi Special Pure,,,,,,
T_253,666253,MB4; MB5; MB6,70x180cm,Tan Xi Special Pure,,,,,,
T_254,666254,MB4; MB5; MB6,70x180cm,Tan Xi Special Pure,,,,,,
T_255,666255,MB4; MB5; MB6,70x180cm,Tan Xi Special Pure,,,,,,
T_256,666256,MB4; MB5; MB6,70x180cm,Tan Xi Special Pure,,,,,,
T_257,666257,MB4; MB5; MB6,70x180cm,Tan Xi Special Pure,,,,,,
T_258,666258,MB4; MB5; MB6,70x180cm,Tan Xi Special Pure,,,,,,
T_259,666259,MB4; MB5; MB6,70x180cm,Tan Xi Special Pure,,,,,,
T_260,666260,MB4; MB5; MB6,97x180cm,Tanpi Sandalwood Bark,,,,,,
T_261,666261,MB4; MB5; MB6,97x180cm,Tanpi Sandalwood Bark,,,,,,
T_262,666262,MB4; MB5; MB6,97x180cm,Tanpi Sandalwood Bark,,,,,,
T_263,666263,MB4; MB5; MB6,97x180cm,Tanpi Sandalwood Bark,,,,,,
T_264,666264,MB4; MB5; MB6,97x180cm,Tanpi Sandalwood Bark,,,,,,
T_265,666265,MB4; MB5; MB6,97x180cm,Tanpi Sandalwood Bark,,,,,,
T_266,666266,MB4; MB5; MB6,97x180cm,Tanpi Sandalwood Bark,,,,,,
T_267,666267,MB4; MB5; MB6,97x180cm,Tanpi Sandalwood Bark,,,,,,
T_268,666268,MB4; MB5; MB6,97x180cm,Tanpi Sandalwood Bark,,,,,,
T_269,666269,MB4; MB5; MB6,97x180cm,Tanpi Sandalwood Bark,,,,,,
T_270,666270,MB4; MB5; MB6,97x180cm,Tanpi Sandalwood Bark,,,,,,
T_271,666271,MB4; MB5; MB6,97x180cm,Tanpi Sandalwood Bark,,,,,,
T_272,666272,MB4; MB5; MB6,97x180cm,Tanpi Sandalwood Bark,,,,,,
T_273,666273,MB4; MB5; MB6; MC4; MC5; MC2,70x140cm,Red Star Dan Xuan,,,,,,
T_274,666274,MB4; MB5; MB6; MC2; MC4; MC5,70x140cm,Red Star Dan Xuan,,,,,,
T_275,666275,MB4; MB5; MB6; MC4; MC5; MC2,70x140cm,Red Star Dan Xuan,,,,,,
T_276,666276,,97x180cm,Red Star Mo Yun Bark,,,,,,
T_277,666277,,97x180cm,Red Star Mo Yun Bark,,,,,,
T_278,666278,,97x180cm,Red Star Mo Yun Bark,,,,,,
T_279,666279,,97x180cm,Red Star Mo Yun Bark,,,,,,
T_280,666280,,97x180cm,Red Star Mo Yun Bark,,,,,,
T_281,666281,,97x180cm,Red Star Mo Yun Bark,,,,,,
T_282,666282,,97x180cm,Red Star Mo Yun Bark,,,,,,
T_283,666283,,97x180cm,Red Star Mo Yun Bark,,,,,,
T_284,666284,,97x180cm,Red Star Mo Yun Bark,,,,,,
T_285,666285,,97x180cm,Red Star Mo Yun Bark,,,,,,
T_286,666286,,97x180cm,Red Star Mo Yun Bark,,,,,,
T_287,666287,,97x180cm,Red Star Mo Yun Bark,,,,,,
T_288,666288,,97x180cm,Red Star Mo Yun Bark,,,,,,
T_289,666289,,97x180cm,Red Star Mo Yun Bark,,,,,,
T_290,666290,,97x180cm,Red Star Mo Yun Bark,,,,,,
T_291,666291,,97x180cm,Red Star Mo Yun Bark,,,,,,
T_292,666292,,97x180cm,Red Star Mo Yun Bark,,,,,,
T_293,666293,,97x180cm,Red Star Mo Yun Bark,,,,,,
T_294,666294,,97x180cm,Red Star Mo Yun Bark,,,,,,
