id,question,answer,isAnswered,sortOrder,createdAt,updatedAt,isAnswerPrivate
30001,"How does the work reconcile the claim that ""there can never be a true understanding"" with the intensive use of mathematical formulas and sacred geometry?","The paradox is productive, not contradictory. The artist uses geometry as a technology for presence, not as a claim to cosmic truth. The no-undo discipline forces total commitment to each mark, regardless of whether that mark reveals ultimate meaning. The geometry is a practice, not a proof.",1,1,Sat Dec 27 2025 02:49:36 GMT-0500 (Eastern Standard Time),Sat Dec 27 2025 02:49:36 GMT-0500 (Eastern Standard Time),1
30002,"Is the reduction to black and white primarily technical (sharper contrast), psychological (stripping away distraction), or symbolic (binary oppositions)?","All three simultaneously. The technical clarity enables the psychological focus, which in turn activates the symbolic resonance. The artist explicitly states: ""I did not feel it was relevant anymore, it did not serve a purpose and was only a distraction."" This is psychological. But the resulting binary (light/dark, presence/absence, meaning/void) is also symbolic.",1,2,Sat Dec 27 2025 02:49:36 GMT-0500 (Eastern Standard Time),Sat Dec 27 2025 02:49:36 GMT-0500 (Eastern Standard Time),1
30003,"How does the Norse/pagan framework interact with Camus' secular absurdism? Are they synthesized, or held in tension?",,0,3,Sat Dec 27 2025 02:49:36 GMT-0500 (Eastern Standard Time),Sat Dec 27 2025 02:49:36 GMT-0500 (Eastern Standard Time),1
30004,"What is the relationship between the 30+ preparatory variations and the final work? Is selection intuitive, rational, or both?",,0,4,Sat Dec 27 2025 02:49:37 GMT-0500 (Eastern Standard Time),Sat Dec 27 2025 02:49:37 GMT-0500 (Eastern Standard Time),1
30005,How does this work relate to contemporary debates about spiritual authenticity vs. appropriation in secular art contexts?,,0,5,Sat Dec 27 2025 02:49:37 GMT-0500 (Eastern Standard Time),Sat Dec 27 2025 02:49:37 GMT-0500 (Eastern Standard Time),1
30006,Why does maximum creative output (195 works in Vietnam) coincide with maximum emotional vulnerability and zero market presence?,"The inverse relationship between stability and creativity appears structural to this practice. When external validation disappears, internal necessity intensifies. The artist creates not for audience but for survival. This produces work of unusual urgency and authenticity.",1,6,Sat Dec 27 2025 02:49:37 GMT-0500 (Eastern Standard Time),Sat Dec 27 2025 02:49:37 GMT-0500 (Eastern Standard Time),1
30007,Can the artist maintain spiritual authenticity while re-engaging with institutional visibility in the New Era?,,0,7,Sat Dec 27 2025 02:49:37 GMT-0500 (Eastern Standard Time),Sat Dec 27 2025 02:49:37 GMT-0500 (Eastern Standard Time),1
30008,What is the relationship between the court-jester persona (public cheerfulness) and the vulnerable private self revealed in journals?,,0,8,Sat Dec 27 2025 02:49:38 GMT-0500 (Eastern Standard Time),Sat Dec 27 2025 02:49:38 GMT-0500 (Eastern Standard Time),1
30009,"How does the East-West fusion in New Era work differ from cultural appropriation? What makes it ""lived synthesis"" rather than tourism?","20+ years in Asia, marriage to a Hong Kong citizen, studying under a sifu, walking Kowloon instead of Central. The fusion is embodied, not performed. The artist does not claim to be Asian; he claims to have lived here longer than he lived in Canada.",1,9,Sat Dec 27 2025 02:49:38 GMT-0500 (Eastern Standard Time),Sat Dec 27 2025 02:49:38 GMT-0500 (Eastern Standard Time),1
30010,"Is the archive itself (Project 666, Neon Crucible) a creative work, or documentation of creative work? Can it be both?","It is both. The act of documenting, analyzing, and preserving the work is not separate from making it. The archive is consciousness-raising technology—a second creative practice running parallel to the first.",1,10,Sat Dec 27 2025 02:49:38 GMT-0500 (Eastern Standard Time),Sat Dec 27 2025 02:49:38 GMT-0500 (Eastern Standard Time),1
